{"p1_id": 1, "x1_coord": 0.48148148148148145, "y1_coord": 0.717391304347826, "p2_id": 5, "x2_coord": 0.6851851851851851, "y2_coord": 0.6956521739130435}